{
    "k-NN": {
        "trainf1": 0.8906565533672554,
        "testf1": 0.8659403426125595,
        "trainacc": 0.9661841128433556,
        "testacc": 0.9589543937708566,
        "tn": 742,
        "fp": 17,
        "fn": 19,
        "tp": 119
    },
    "DecisionTree": {
        "trainf1": 0.8390005736872881,
        "testf1": 0.826833070944604,
        "trainacc": 0.949517446176689,
        "testacc": 0.9459399332591769,
        "tn": 734,
        "fp": 25,
        "fn": 23,
        "tp": 115
    },
    "RandomForest": {
        "trainf1": 0.8750389737929851,
        "testf1": 0.83479620235139,
        "trainacc": 0.9634001484780995,
        "testacc": 0.9527252502780866,
        "tn": 748,
        "fp": 11,
        "fn": 31,
        "tp": 107
    },
    "MLP": {
        "trainf1": 0.921378013276436,
        "testf1": 0.8668944638452534,
        "trainacc": 0.9753897550111358,
        "testacc": 0.9591768631813127,
        "tn": 742,
        "fp": 17,
        "fn": 19,
        "tp": 119
    },
    "AdaBoost": {
        "trainf1": 0.8810345277639253,
        "testf1": 0.8428678288660866,
        "trainacc": 0.9629918337045286,
        "testacc": 0.9517241379310345,
        "tn": 739,
        "fp": 20,
        "fn": 22,
        "tp": 116
    },
    "G-NaiveBayes": {
        "trainf1": 0.8022896329543061,
        "testf1": 0.7917248415848982,
        "trainacc": 0.9270230141054194,
        "testacc": 0.9240266963292548,
        "tn": 705,
        "fp": 54,
        "fn": 14,
        "tp": 124
    },
    "QDA": {
        "trainf1": 0.7934928210681902,
        "testf1": 0.7852072157558224,
        "trainacc": 0.8710467706013363,
        "testacc": 0.8686318131256952,
        "tn": 654,
        "fp": 105,
        "fn": 12,
        "tp": 126
    },
    "LinearSVM": {
        "trainf1": 0.8571779773226424,
        "testf1": 0.8453169443121797,
        "trainacc": 0.9536377134372682,
        "testacc": 0.9507230255839823,
        "tn": 733,
        "fp": 26,
        "fn": 18,
        "tp": 121
    },
    "RBFSVM": {
        "trainf1": 0.9485308600766436,
        "testf1": 0.8721810562933442,
        "trainacc": 0.9838158871566444,
        "testacc": 0.9610678531701892,
        "tn": 744,
        "fp": 15,
        "fn": 19,
        "tp": 119
    }
}