{
    "k-NN": {
        "trainf1": 0.9131440807201692,
        "testf1": 0.900401490387452,
        "trainacc": 0.9733481811432814,
        "testacc": 0.9696329254727477,
        "tn": 748,
        "fp": 11,
        "fn": 15,
        "tp": 123
    },
    "DecisionTree": {
        "trainf1": 0.8741440901898578,
        "testf1": 0.8564589548921908,
        "trainacc": 0.9619524870081664,
        "testacc": 0.957285873192436,
        "tn": 745,
        "fp": 14,
        "fn": 24,
        "tp": 114
    },
    "RandomForest": {
        "trainf1": 0.8870922073470533,
        "testf1": 0.8544800606667705,
        "trainacc": 0.9674090571640681,
        "testacc": 0.9590656284760846,
        "tn": 753,
        "fp": 6,
        "fn": 30,
        "tp": 108
    },
    "MLP": {
        "trainf1": 0.9582675757304132,
        "testf1": 0.9094198732993852,
        "trainacc": 0.9870081662954714,
        "testacc": 0.9724137931034484,
        "tn": 749,
        "fp": 10,
        "fn": 14,
        "tp": 124
    },
    "AdaBoost": {
        "trainf1": 0.9123452889043872,
        "testf1": 0.8764361016716251,
        "trainacc": 0.9730141054194507,
        "testacc": 0.9625139043381534,
        "tn": 745,
        "fp": 14,
        "fn": 19,
        "tp": 119
    },
    "G-NaiveBayes": {
        "trainf1": 0.64608255743523,
        "testf1": 0.6294154807134735,
        "trainacc": 0.8378990348923534,
        "testacc": 0.8289210233592881,
        "tn": 617,
        "fp": 142,
        "fn": 11,
        "tp": 127
    },
    "QDA": {
        "trainf1": 0.26863753213367614,
        "testf1": 0.2678227360308285,
        "trainacc": 0.15515961395694136,
        "testacc": 0.1546162402669633,
        "tn": 0,
        "fp": 760,
        "fn": 0,
        "tp": 139
    },
    "LinearSVM": {
        "trainf1": 0.8930920387474629,
        "testf1": 0.8794774507546658,
        "trainacc": 0.966815144766147,
        "testacc": 0.9630700778642938,
        "tn": 744,
        "fp": 15,
        "fn": 17,
        "tp": 121
    },
    "RBFSVM": {
        "trainf1": 0.96711779316818,
        "testf1": 0.9090425903666025,
        "trainacc": 0.9897921306607275,
        "testacc": 0.9727474972191323,
        "tn": 752,
        "fp": 7,
        "fn": 16,
        "tp": 122
    }
}