{
    "constellations_right_ratio": {
        "1c2": 1.0,
        "1c1": 0.8285714285714286,
        "2c": 0.7692307692307693,
        "1a": 0.9652605459057072,
        "1b": 1.0,
        "2d": 0.36363636363636365,
        "2b": 0.9,
        "2a": 0.75
    },
    "route_errors_right_ratio": {
        "Kein Fehler": 0.9620253164556962,
        "2a": 0.9226190476190477,
        "2b": 0.4823529411764706,
        "3": 1.0
    },
    "constellations_right": {
        "1c2": 30,
        "1c1": 58,
        "2c": 20,
        "1a": 389,
        "1b": 114,
        "2d": 20,
        "2b": 18,
        "2a": 3
    },
    "constellations_false": {
        "2d": 35,
        "1a": 14,
        "2c": 6,
        "1c1": 12,
        "2b": 2,
        "2a": 1,
        "1c2": 0,
        "1b": 0
    },
    "route_errors_right": {
        "Kein Fehler": 456,
        "2a": 155,
        "2b": 41,
        "3": 4
    },
    "route_errors_false": {
        "2b": 44,
        "Kein Fehler": 18,
        "2a": 13
    }
}