{
    "constellations_right_ratio": {
        "1c2": 0.9444444444444444,
        "1a": 1.0,
        "1b": 0.95929203539823,
        "2b": 0.4375,
        "1c1": 0.9886363636363636,
        "2c": 0.35714285714285715,
        "2d": 0.48760330578512395,
        "2a": 1.0
    },
    "route_errors_right_ratio": {
        "2a": 0.9369676320272572,
        "Kein Fehler": 0.991701244813278,
        "2b": 0.6217948717948718,
        "3": 0.5882352941176471
    },
    "constellations_right": {
        "1c2": 51,
        "1a": 149,
        "1b": 542,
        "2b": 7,
        "1c1": 87,
        "2c": 10,
        "2d": 59,
        "2a": 7
    },
    "constellations_false": {
        "2c": 18,
        "2d": 62,
        "1b": 23,
        "1c2": 3,
        "2b": 9,
        "1c1": 1,
        "2a": 0
    },
    "route_errors_right": {
        "2a": 550,
        "Kein Fehler": 239,
        "2b": 97,
        "3": 30
    },
    "route_errors_false": {
        "2a": 37,
        "2b": 59,
        "Kein Fehler": 2,
        "3": 21
    }
}