{
    "constellations_right_ratio": {
        "1c2": 1.0,
        "1c1": 0.8285714285714286,
        "2c": 0.6153846153846154,
        "1a": 0.9578163771712159,
        "1b": 1.0,
        "2d": 0.4,
        "2b": 0.9,
        "2a": 0.75
    },
    "route_errors_right_ratio": {
        "Kein Fehler": 0.9472573839662447,
        "2a": 0.9226190476190477,
        "2b": 0.5058823529411764,
        "3": 1.0
    },
    "constellations_right": {
        "1c2": 30,
        "1c1": 58,
        "2c": 16,
        "1a": 386,
        "1b": 114,
        "2d": 22,
        "2b": 18,
        "2a": 3
    },
    "constellations_false": {
        "2d": 33,
        "1a": 17,
        "2c": 10,
        "1c1": 12,
        "2b": 2,
        "2a": 1,
        "1c2": 0,
        "1b": 0
    },
    "route_errors_right": {
        "Kein Fehler": 449,
        "2a": 155,
        "2b": 43,
        "3": 4
    },
    "route_errors_false": {
        "2b": 42,
        "Kein Fehler": 25,
        "2a": 13
    }
}