{
    "constellations_right_ratio": {
        "1c2": 0.9259259259259259,
        "1a": 0.9459459459459459,
        "1b": 0.952212389380531,
        "1c1": 0.9772727272727273,
        "2c": 0.6428571428571429,
        "2d": 0.5206611570247934,
        "2a": 0.14285714285714285,
        "2b": 0.25
    },
    "route_errors_right_ratio": {
        "2a": 0.9471890971039182,
        "Kein Fehler": 0.9253112033195021,
        "2b": 0.6089743589743589,
        "3": 0.5882352941176471
    },
    "constellations_right": {
        "1c2": 50,
        "1a": 140,
        "1b": 538,
        "1c1": 86,
        "2c": 18,
        "2d": 63,
        "2a": 1,
        "2b": 4
    },
    "constellations_false": {
        "2b": 12,
        "2c": 10,
        "2d": 58,
        "1b": 27,
        "2a": 6,
        "1a": 8,
        "1c2": 4,
        "1c1": 2
    },
    "route_errors_right": {
        "2a": 556,
        "Kein Fehler": 223,
        "2b": 95,
        "3": 30
    },
    "route_errors_false": {
        "Kein Fehler": 18,
        "2a": 31,
        "2b": 61,
        "3": 21
    }
}