{
    "constellations_right_ratio": {
        "1c2": 1.0,
        "1c1": 0.9,
        "2c": 0.6153846153846154,
        "1a": 0.9652605459057072,
        "1b": 0.9912280701754386,
        "2d": 0.6545454545454545,
        "2b": 0.85,
        "2a": 0.75
    },
    "route_errors_right_ratio": {
        "Kein Fehler": 0.9514767932489452,
        "2a": 0.9523809523809523,
        "2b": 0.6705882352941176,
        "3": 1.0
    },
    "constellations_right": {
        "1c2": 31,
        "1c1": 63,
        "2c": 16,
        "1a": 389,
        "1b": 113,
        "2d": 36,
        "2b": 17,
        "2a": 3
    },
    "constellations_false": {
        "2d": 19,
        "2c": 10,
        "1c1": 7,
        "2b": 3,
        "2a": 1,
        "1a": 14,
        "1b": 1
    },
    "route_errors_right": {
        "Kein Fehler": 451,
        "2a": 160,
        "2b": 57,
        "3": 4
    },
    "route_errors_false": {
        "2b": 28,
        "Kein Fehler": 23,
        "2a": 8
    }
}