{
    "constellations_right_ratio": {
        "1c2": 1.0,
        "1a": 0.9797297297297297,
        "1b": 0.9451327433628318,
        "2b": 0.4375,
        "1c1": 0.9772727272727273,
        "2c": 0.5357142857142857,
        "2d": 0.6942148760330579,
        "2a": 0.42857142857142855
    },
    "route_errors_right_ratio": {
        "2a": 0.9471890971039182,
        "Kein Fehler": 0.950207468879668,
        "2b": 0.7243589743589743,
        "3": 0.6666666666666666
    },
    "constellations_right": {
        "1c2": 54,
        "1a": 145,
        "1b": 534,
        "2b": 7,
        "1c1": 86,
        "2c": 15,
        "2d": 84,
        "2a": 3
    },
    "constellations_false": {
        "2c": 13,
        "2d": 37,
        "2a": 4,
        "1b": 31,
        "1a": 3,
        "2b": 9,
        "1c2": 0,
        "1c1": 2
    },
    "route_errors_right": {
        "2a": 556,
        "Kein Fehler": 229,
        "2b": 113,
        "3": 34
    },
    "route_errors_false": {
        "2a": 31,
        "2b": 43,
        "Kein Fehler": 12,
        "3": 17
    }
}