{
    "k-NN": {
        "trainConstellationsRatios": {
            "KNOT_SELECTED": 0.9868189806678384,
            "K1b": 0.9411764705882353,
            "K2c": 0.47619047619047616,
            "K1a": 0.9574468085106383,
            "K1c2": 1,
            "K1c1": 0.90625,
            "K2d": 0.7142857142857143,
            "K2b": 0.5833333333333334,
            "K2a": 0.3333333333333333
        },
        "testConstellationsRatios": {
            "K1a": 0.9456521739130435,
            "KNOT_SELECTED": 0.9802631578947368,
            "K1b": 1,
            "K1c2": 1,
            "K2a": 0.3333333333333333,
            "K2c": 1,
            "K1c1": 0.8888888888888888,
            "K2b": 0.6666666666666666,
            "K2d": 0.375
        },
        "trainRouteErrorsRatios": {
            "RNOT_SELECTED": 0.9868189806678384,
            "R2a": 0.9411764705882353,
            "R-": 0.9288256227758007,
            "R3": 1,
            "R2b": 0.625
        },
        "testRouteErrorsRatios": {
            "R-": 0.9223300970873787,
            "RNOT_SELECTED": 0.9802631578947368,
            "R2b": 0.6470588235294118,
            "R2a": 1
        }
    },
    "DecisionTree": {
        "trainConstellationsRatios": {
            "KNOT_SELECTED": 0.9793497363796133,
            "K1b": 0.8970588235294118,
            "K1a": 0.9191489361702128,
            "K1c2": 0.8947368421052632,
            "K1c1": 0.96875,
            "K2d": 0.7857142857142857,
            "K2c": 0.5714285714285714,
            "K2b": 0.5833333333333334,
            "K2a": 0.3333333333333333
        },
        "testConstellationsRatios": {
            "K1a": 0.9130434782608695,
            "KNOT_SELECTED": 0.9776315789473684,
            "K1c2": 1,
            "K2a": 0.3333333333333333,
            "K1b": 0.8823529411764706,
            "K1c1": 0.8888888888888888,
            "K2c": 0.6666666666666666,
            "K2b": 0.3333333333333333,
            "K2d": 0.5
        },
        "trainRouteErrorsRatios": {
            "RNOT_SELECTED": 0.9793497363796133,
            "R2a": 0.9647058823529412,
            "R-": 0.8790035587188612,
            "R3": 1,
            "R2b": 0.7083333333333334
        },
        "testRouteErrorsRatios": {
            "R-": 0.8737864077669902,
            "RNOT_SELECTED": 0.9776315789473684,
            "R2a": 0.9473684210526315,
            "R2b": 0.6470588235294118
        }
    },
    "RandomForest": {
        "trainConstellationsRatios": {
            "KNOT_SELECTED": 0.9947275922671354,
            "K1b": 0.9117647058823529,
            "K1a": 0.9234042553191489,
            "K1c1": 0.84375,
            "K1c2": 0.8947368421052632,
            "K2c": 0.3333333333333333,
            "K2d": 0.42857142857142855,
            "K2b": 0.4166666666666667,
            "K2a": 0.3333333333333333
        },
        "testConstellationsRatios": {
            "K1a": 0.9239130434782609,
            "KNOT_SELECTED": 0.9894736842105263,
            "K1b": 0.9411764705882353,
            "K2a": 0.3333333333333333,
            "K1c1": 0.7777777777777778,
            "K2c": 0.6666666666666666,
            "K2b": 0.6666666666666666,
            "K1c2": 0.5,
            "K2d": 0.125
        },
        "trainRouteErrorsRatios": {
            "RNOT_SELECTED": 0.9947275922671354,
            "R2a": 0.9058823529411765,
            "R-": 0.8790035587188612,
            "R2b": 0.4583333333333333,
            "R3": 0.5
        },
        "testRouteErrorsRatios": {
            "R-": 0.8932038834951457,
            "RNOT_SELECTED": 0.9894736842105263,
            "R2b": 0.5294117647058824,
            "R2a": 0.7894736842105263
        }
    },
    "MLP": {
        "trainConstellationsRatios": {
            "KNOT_SELECTED": 0.9916520210896309,
            "K2d": 0.9285714285714286,
            "K1b": 0.9852941176470589,
            "K2c": 0.8571428571428571,
            "K1a": 0.9914893617021276,
            "K1c2": 1,
            "K1c1": 0.9375,
            "K2b": 0.75,
            "K2a": 1
        },
        "testConstellationsRatios": {
            "K1a": 0.967391304347826,
            "KNOT_SELECTED": 0.9828947368421053,
            "K1b": 1,
            "K1c2": 1,
            "K2a": 0.3333333333333333,
            "K2c": 0.6666666666666666,
            "K1c1": 1,
            "K2b": 0.6666666666666666,
            "K2d": 0.375
        },
        "trainRouteErrorsRatios": {
            "RNOT_SELECTED": 0.9916520210896309,
            "R2b": 0.875,
            "R2a": 0.9764705882352941,
            "R-": 0.9822064056939501,
            "R3": 1
        },
        "testRouteErrorsRatios": {
            "R-": 0.9514563106796117,
            "RNOT_SELECTED": 0.9828947368421053,
            "R2b": 0.6470588235294118,
            "R2a": 0.9473684210526315
        }
    },
    "AdaBoost": {
        "trainConstellationsRatios": {
            "KNOT_SELECTED": 0.9872583479789103,
            "K1b": 0.9117647058823529,
            "K2c": 0.6190476190476191,
            "K1a": 0.9659574468085106,
            "K1c2": 0.9473684210526315,
            "K1c1": 0.90625,
            "K2d": 0.6785714285714286,
            "K2b": 0.6666666666666666,
            "K2a": 0.6666666666666666
        },
        "testConstellationsRatios": {
            "K1a": 0.9565217391304348,
            "KNOT_SELECTED": 0.9789473684210527,
            "K1b": 1,
            "K1c2": 0.75,
            "K2a": 0.3333333333333333,
            "K2c": 1,
            "K1c1": 0.8888888888888888,
            "K2b": 0.6666666666666666,
            "K2d": 0.25
        },
        "trainRouteErrorsRatios": {
            "RNOT_SELECTED": 0.9872583479789103,
            "R2a": 0.9411764705882353,
            "R-": 0.9395017793594306,
            "R3": 0.75,
            "R2b": 0.6458333333333334
        },
        "testRouteErrorsRatios": {
            "R-": 0.9320388349514563,
            "RNOT_SELECTED": 0.9789473684210527,
            "R2b": 0.5882352941176471,
            "R2a": 0.9473684210526315
        }
    },
    "G-NaiveBayes": {
        "trainConstellationsRatios": {
            "KNOT_SELECTED": 0.8396309314586995,
            "K2d": 0.7142857142857143,
            "K1b": 0.9558823529411765,
            "K2c": 0.8571428571428571,
            "K1a": 0.9574468085106383,
            "K1c2": 1,
            "K1c1": 0.96875,
            "K2b": 0.5833333333333334,
            "K2a": 0.6666666666666666
        },
        "testConstellationsRatios": {
            "K1a": 0.9565217391304348,
            "KNOT_SELECTED": 0.8486842105263158,
            "K1b": 1,
            "K1c2": 1,
            "K2a": 0.3333333333333333,
            "K2c": 1,
            "K1c1": 0.8888888888888888,
            "K2d": 0.75,
            "K2b": 0.6666666666666666
        },
        "trainRouteErrorsRatios": {
            "RNOT_SELECTED": 0.8396309314586995,
            "R2b": 0.7291666666666666,
            "R2a": 0.9764705882352941,
            "R-": 0.9430604982206405,
            "R3": 1
        },
        "testRouteErrorsRatios": {
            "R-": 0.9320388349514563,
            "RNOT_SELECTED": 0.8486842105263158,
            "R2b": 0.8235294117647058,
            "R2a": 1
        }
    },
    "QDA": {
        "trainConstellationsRatios": {
            "K2d": 1,
            "K1b": 1,
            "K2c": 1,
            "K1a": 1,
            "K1c2": 1,
            "K1c1": 1,
            "K2b": 1,
            "K2a": 1,
            "KNOT_SELECTED": 0
        },
        "testConstellationsRatios": {
            "K1a": 1,
            "K1b": 1,
            "K1c2": 1,
            "K2a": 1,
            "K2c": 1,
            "K2d": 1,
            "K1c1": 1,
            "K2b": 1,
            "KNOT_SELECTED": 0
        },
        "trainRouteErrorsRatios": {
            "R2b": 1,
            "R2a": 1,
            "R-": 1,
            "R3": 1,
            "RNOT_SELECTED": 0
        },
        "testRouteErrorsRatios": {
            "R-": 1,
            "R2b": 1,