{
    "k-NN": {
        "trainConstellationsRatios": {
            "KNOT_SELECTED": 0.9811072056239016,
            "K1b": 0.9411764705882353,
            "K1a": 0.9446808510638298,
            "K1c2": 0.8947368421052632,
            "K1c1": 0.90625,
            "K2d": 0.6785714285714286,
            "K2c": 0.47619047619047616,
            "K2b": 0.5833333333333334,
            "K2a": 0.6666666666666666
        },
        "testConstellationsRatios": {
            "K1a": 0.9130434782608695,
            "KNOT_SELECTED": 0.9763157894736842,
            "K1b": 0.9411764705882353,
            "K1c2": 1,
            "K2a": 0.3333333333333333,
            "K2c": 1,
            "K1c1": 0.8888888888888888,
            "K2b": 0.6666666666666666,
            "K2d": 0.5
        },
        "trainRouteErrorsRatios": {
            "RNOT_SELECTED": 0.9811072056239016,
            "R2a": 0.9176470588235294,
            "R-": 0.9181494661921709,
            "R3": 1,
            "R2b": 0.625
        },
        "testRouteErrorsRatios": {
            "R-": 0.8932038834951457,
            "RNOT_SELECTED": 0.9763157894736842,
            "R2b": 0.7058823529411765,
            "R2a": 0.9473684210526315
        }
    },
    "DecisionTree": {
        "trainConstellationsRatios": {
            "KNOT_SELECTED": 0.9701230228471002,
            "K1b": 0.9264705882352942,
            "K1c2": 0.9473684210526315,
            "K1a": 0.8765957446808511,
            "K1c1": 0.875,
            "K2d": 0.7142857142857143,
            "K2c": 0.42857142857142855,
            "K2b": 0.6666666666666666,
            "K2a": 0.6666666666666666
        },
        "testConstellationsRatios": {
            "K1a": 0.8369565217391305,
            "KNOT_SELECTED": 0.968421052631579,
            "K1b": 1,
            "K1c2": 1,
            "K2a": 0.6666666666666666,
            "K1c1": 0.8888888888888888,
            "K2c": 0.6666666666666666,
            "K2b": 1,
            "K2d": 0.25
        },
        "trainRouteErrorsRatios": {
            "RNOT_SELECTED": 0.9701230228471002,
            "R2a": 0.9176470588235294,
            "R3": 0.75,
            "R-": 0.8612099644128114,
            "R2b": 0.6458333333333334
        },
        "testRouteErrorsRatios": {
            "R-": 0.8349514563106796,
            "RNOT_SELECTED": 0.968421052631579,
            "R2b": 0.5882352941176471,
            "R2a": 1
        }
    },
    "RandomForest": {
        "trainConstellationsRatios": {
            "KNOT_SELECTED": 0.9903339191564148,
            "K1b": 0.9117647058823529,
            "K1a": 0.8936170212765957,
            "K1c1": 0.875,
            "K2c": 0.38095238095238093,
            "K2d": 0.6071428571428571,
            "K2a": 0.6666666666666666,
            "K1c2": 0.7894736842105263,
            "K2b": 0.4166666666666667
        },
        "testConstellationsRatios": {
            "KNOT_SELECTED": 0.9828947368421053,
            "K1a": 0.8369565217391305,
            "K1b": 0.8823529411764706,
            "K1c2": 0.75,
            "K1c1": 0.8888888888888888,
            "K2d": 0.375,
            "K2a": 0,
            "K2c": 0,
            "K2b": 0
        },
        "trainRouteErrorsRatios": {
            "RNOT_SELECTED": 0.9903339191564148,
            "R2a": 0.8823529411764706,
            "R-": 0.8576512455516014,
            "R2b": 0.6041666666666666,
            "R3": 0.5
        },
        "testRouteErrorsRatios": {
            "RNOT_SELECTED": 0.9828947368421053,
            "R-": 0.7961165048543689,
            "R2b": 0.5882352941176471,
            "R2a": 0.7368421052631579
        }
    },
    "MLP": {
        "trainConstellationsRatios": {
            "KNOT_SELECTED": 0.984182776801406,
            "K1b": 0.9705882352941176,
            "K1a": 0.9531914893617022,
            "K1c2": 0.9473684210526315,
            "K1c1": 0.9375,
            "K2d": 0.8214285714285714,
            "K2c": 0.42857142857142855,
            "K2b": 0.75,
            "K2a": 0.6666666666666666
        },
        "testConstellationsRatios": {
            "K1a": 0.9239130434782609,
            "KNOT_SELECTED": 0.9776315789473684,
            "K1b": 1,
            "K1c2": 1,
            "K2a": 0.3333333333333333,
            "K2c": 0.3333333333333333,
            "K1c1": 1,
            "K2b": 1,
            "K2d": 0.5
        },
        "trainRouteErrorsRatios": {
            "RNOT_SELECTED": 0.984182776801406,
            "R2a": 0.9529411764705882,
            "R-": 0.9323843416370107,
            "R3": 1,
            "R2b": 0.7083333333333334
        },
        "testRouteErrorsRatios": {
            "R-": 0.9223300970873787,
            "RNOT_SELECTED": 0.9776315789473684,
            "R2b": 0.7058823529411765,
            "R2a": 0.8947368421052632
        }
    },
    "AdaBoost": {
        "trainConstellationsRatios": {
            "KNOT_SELECTED": 0.9797891036906854,
            "K1b": 0.9117647058823529,
            "K1c2": 0.8947368421052632,
            "K1a": 0.9276595744680851,
            "K1c1": 0.9375,
            "K2d": 0.6428571428571429,
            "K2c": 0.47619047619047616,
            "K2b": 0.75,
            "K2a": 0.6666666666666666
        },
        "testConstellationsRatios": {
            "K1a": 0.8804347826086957,
            "KNOT_SELECTED": 0.975,
            "K1b": 0.9411764705882353,
            "K1c2": 0.75,
            "K2a": 0.6666666666666666,
            "K1c1": 1,
            "K2c": 0.6666666666666666,
            "K2b": 1,
            "K2d": 0.25
        },
        "trainRouteErrorsRatios": {
            "RNOT_SELECTED": 0.9797891036906854,
            "R2a": 0.9058823529411765,
            "R3": 1,
            "R-": 0.9074733096085409,
            "R2b": 0.625
        },
        "testRouteErrorsRatios": {
            "R-": 0.883495145631068,
            "RNOT_SELECTED": 0.975,
            "R2b": 0.5882352941176471,
            "R2a": 0.8947368421052632
        }
    },
    "G-NaiveBayes": {
        "trainConstellationsRatios": {
            "KNOT_SELECTED": 0.9424428822495606,
            "K1b": 0.9852941176470589,
            "K2c": 0.6190476190476191,
            "K1a": 0.9829787234042553,
            "K1c2": 1,
            "K1c1": 0.875,
            "K2d": 0.42857142857142855,
            "K2b": 0.8333333333333334,
            "K2a": 0.6666666666666666
        },
        "testConstellationsRatios": {
            "K1a": 0.9565217391304348,
            "KNOT_SELECTED": 0.9434210526315789,
            "K1b": 1,
            "K1c2": 1,
            "K2a": 0.6666666666666666,
            "K1c1": 0.8888888888888888,
            "K2c": 0.6666666666666666,
            "K2b": 1,
            "K2d": 0.25
        },
        "trainRouteErrorsRatios": {
            "RNOT_SELECTED": 0.9424428822495606,
            "R2a": 0.9411764705882353,
            "R-": 0.9644128113879004,
            "R3": 1,
            "R2b": 0.5625
        },
        "testRouteErrorsRatios": {
            "R-": 0.9514563106796117,
            "RNOT_SELECTED": 0.9434210526315789,
            "R2b": 0.5882352941176471,
            "R2a": 0.9473684210526315
        }
    },
    "QDA": {
        "trainConstellationsRatios": {
            "KNOT_SELECTED": 0.9639718804920914,
            "K2d": 0.6785714285714286,
            "K1b": 0.9558823529411765,
            "K2c": 0.23809523809523808,
            "K1a": 0.9744680851063829,
            "K1c2": 1,
            "K1c1": 0.96875,
            "K2b": 0.5833333333333334,
            "K2a": 0.3333333333333333
        },
        "testConstellationsRatios": {
            "K1a": 0.9347826086956522,
            "KNOT_SELECTED": 0.9657894736842105,
            "K1b": 1,
            "K1c2": 1,
            "K2a": 0.6666666666666666,
            "K2c": 0.6666666666666666,
            "K1c1": 1,
            "K2d": 0.625,
            "K2b": 0.3333333333333333
        },
        "trainRouteErrorsRatios": {
            "RNOT_SELECTED": 0.9639718804920914,
            "R2b": 0.625,