{
    "best_model_MLP": {
        "trainConstellationsRatios": {
            "KNOT_SELECTED": 0.9916520210896309,
            "K2d": 0.9285714285714286,
            "K1b": 0.9852941176470589,
            "K2c": 0.8571428571428571,
            "K1a": 0.9914893617021276,
            "K1c2": 1,
            "K1c1": 0.9375,
            "K2b": 0.75,
            "K2a": 1
        },
        "testConstellationsRatios": {
            "K1a": 0.967391304347826,
            "KNOT_SELECTED": 0.9828947368421053,
            "K1b": 1,
            "K1c2": 1,
            "K2a": 0.3333333333333333,
            "K2c": 0.6666666666666666,
            "K1c1": 1,
            "K2b": 0.6666666666666666,
            "K2d": 0.375
        },
        "trainRouteErrorsRatios": {
            "RNOT_SELECTED": 0.9916520210896309,
            "R2b": 0.875,
            "R2a": 0.9764705882352941,
            "R-": 0.9822064056939501,
            "R3": 1
        },
        "testRouteErrorsRatios": {
            "R-": 0.9514563106796117,
            "RNOT_SELECTED": 0.9828947368421053,
            "R2b": 0.6470588235294118,
            "R2a": 0.9473684210526315
        }
    },
    "average_all_models": {
        "trainConstellationsRatios": {
            "KNOT_SELECTED": 0.8618433899628979,
            "K2d": 0.746031746031746,
            "K1b": 0.9477124183006536,
            "K2c": 0.6772486772486772,
            "K1a": 0.9617021276595745,
            "K1c2": 0.9707602339181286,
            "K1c1": 0.9270833333333334,
            "K2b": 0.6481481481481483,
            "K2a": 0.6296296296296295
        },
        "testConstellationsRatios": {
            "K1a": 0.9504830917874396,
            "KNOT_SELECTED": 0.8577485380116959,
            "K1b": 0.9803921568627452,
            "K1c2": 0.9166666666666666,
            "K2a": 0.4074074074074074,
            "K2c": 0.7777777777777777,
            "K1c1": 0.9012345679012346,
            "K2b": 0.6666666666666666,
            "K2d": 0.4583333333333333
        },
        "trainRouteErrorsRatios": {
            "RNOT_SELECTED": 0.8618433899628979,
            "R2b": 0.7199074074074074,
            "R2a": 0.9568627450980391,
            "R-": 0.9387109529458283,
            "R3": 0.9166666666666666
        },
        "testRouteErrorsRatios": {
            "R-": 0.9255663430420711,
            "RNOT_SELECTED": 0.8577485380116959,
            "R2b": 0.6862745098039216,
            "R2a": 0.9532163742690059
        }
    }
}