{
    "best_model_RBFSVM": {
        "trainConstellationsRatios": {
            "KNOT_SELECTED": 0.9894551845342706,
            "K2d": 0.8928571428571429,
            "K1b": 0.9852941176470589,
            "K2c": 0.7142857142857143,
            "K1a": 0.9787234042553191,
            "K1c2": 1,
            "K1c1": 0.9375,
            "K2b": 0.6666666666666666,
            "K2a": 1
        },
        "testConstellationsRatios": {
            "K1a": 0.9130434782608695,
            "KNOT_SELECTED": 0.9789473684210527,
            "K1b": 1,
            "K1c2": 1,
            "K2a": 0.3333333333333333,
            "K2c": 0.6666666666666666,
            "K1c1": 0.8888888888888888,
            "K2b": 0.6666666666666666,
            "K2d": 0.375
        },
        "trainRouteErrorsRatios": {
            "RNOT_SELECTED": 0.9894551845342706,
            "R2b": 0.8333333333333334,
            "R2a": 0.9764705882352941,
            "R-": 0.9608540925266904,
            "R3": 1
        },
        "testRouteErrorsRatios": {
            "R-": 0.8932038834951457,
            "RNOT_SELECTED": 0.9789473684210527,
            "R2b": 0.6470588235294118,
            "R2a": 0.9473684210526315
        }
    },
    "average_all_models": {
        "trainConstellationsRatios": {
            "KNOT_SELECTED": 0.9740285100566296,
            "K2d": 0.6666666666666666,
            "K1b": 0.9477124183006536,
            "K2c": 0.48148148148148145,
            "K1a": 0.9437352245862883,
            "K1c2": 0.935672514619883,
            "K1c1": 0.9097222222222222,
            "K2b": 0.6481481481481483,
            "K2a": 0.6666666666666666
        },
        "testConstellationsRatios": {
            "K1a": 0.9021739130434783,
            "KNOT_SELECTED": 0.97046783625731,
            "K1b": 0.9738562091503269,
            "K1c2": 0.9444444444444444,
            "K2a": 0.4444444444444444,
            "K2c": 0.5925925925925926,
            "K1c1": 0.9382716049382717,
            "K2b": 0.7407407407407408,
            "K2d": 0.3888888888888889
        },
        "trainRouteErrorsRatios": {
            "RNOT_SELECTED": 0.9740285100566296,
            "R2b": 0.6435185185185186,
            "R2a": 0.9294117647058824,
            "R-": 0.9185448793989719,
            "R3": 0.9166666666666666
        },
        "testRouteErrorsRatios": {
            "R-": 0.889967637540453,
            "RNOT_SELECTED": 0.97046783625731,
            "R2b": 0.6470588235294117,
            "R2a": 0.9239766081871346
        }
    }
}