{
  "params": {
    "beta": 3.755239997563002,
    "crossing_padding": 4,
    "search_radius_m": 77,
    "sigma_z": 3.5911144948458302
  },
  "f1": 0.3690566037735849
}