{
  "params": {
    "search_radius_m": 33,
    "crossing_padding": 25,
    "offlsa_penalty": 2.8712898658560295
  },
  "f1": 0.7543720190779015
}