{
  "params": {
    "crossing_padding": 42,
    "offlsa_penalty": 9.676745537190085,
    "search_radius_m": 54
  },
  "f1": 0.6078992558672008
}