{
  "params": {
    "bearing_diff_threshold": 19.54519285910864,
    "bearing_threshold": 0.01804729340305336,
    "length_diff_threshold": 0.2450176734374793,
    "length_threshold": 0.782300951001703,
    "match_inverted_bearings": false,
    "overlap_pct_threshold": 0.058556827622096255,
    "perfect_match_threshold": 30.724174319549398,
    "road_side_threshold": 3.2340189198984977,
    "search_radius_m": 14
  },
  "f1": 0.895
}