{
  "params": {
    "search_radius_m": 20,
    "bearing_threshold": 0.8238557041327852,
    "bearing_diff_threshold": 32.258048249060856,
    "match_inverted_bearings": false,
    "length_threshold": 0.8927480537351123,
    "length_diff_threshold": 0.916457333870973,
    "road_side_threshold": 23.617088404875748,
    "perfect_match_threshold": 28.34031345449879,
    "overlap_pct_threshold": 0.03655029142929232
  },
  "f1": 0.9255264509501798
}