{
  "params": {
    "search_radius_m": 32,
    "bearing_threshold": 0.7570630074831218,
    "bearing_diff_threshold": 145.0254073670718,
    "match_inverted_bearings": false,
    "length_threshold": 0.16014753592725395,
    "length_diff_threshold": 0.17892351058621314,
    "road_side_threshold": 75.79788211613653,
    "perfect_match_threshold": 37.09406769973641,
    "overlap_pct_threshold": 0.4678273861239023
  },
  "f1": 0.6788631166285528
}