{
  "params": {
    "search_radius_m": 19,
    "bearing_threshold": 0.7799310253830564,
    "bearing_diff_threshold": 49.55047125343691,
    "match_inverted_bearings": false,
    "length_threshold": 0.7730539967144467,
    "length_diff_threshold": 0.9636664063380954,
    "road_side_threshold": 94.85748955587489,
    "perfect_match_threshold": 46.33809290752263,
    "overlap_pct_threshold": 0.053229132324279345
  },
  "f1": 0.871763255240444
}