{
  "params": {
    "search_radius_m": 20,
    "bearing_threshold": 0.786348663612378,
    "bearing_diff_threshold": 32.63990960019149,
    "match_inverted_bearings": false,
    "length_threshold": 0.9265160933929303,
    "length_diff_threshold": 0.9992443569188717,
    "road_side_threshold": 58.97414602358541,
    "perfect_match_threshold": 49.990248909428296,
    "overlap_pct_threshold": 0.4269621933572484
  },
  "f1": 0.898731359893167
}