{
  "params": {
    "search_radius_m": 17,
    "bearing_threshold": 0.7343995594441521,
    "bearing_diff_threshold": 26.754615349007732,
    "match_inverted_bearings": false,
    "length_threshold": 0.6076359715373636,
    "length_diff_threshold": 0.81335939507649,
    "road_side_threshold": 47.867721482995506,
    "perfect_match_threshold": 42.51408516102271,
    "overlap_pct_threshold": 0.5852123301942637
  },
  "f1": 0.8838838838838838
}