{
    "precision": 0.8909426987060998,
    "recall": 0.8942486085343229,
    "f1": 0.8925925925925926,
    "tp_drn": [
        "137_29",
        "541_34",
        "920_25",
        "1209_3",
        "1386_21",
        "731_33",
        "202_3",
        "183_27",
        "1735_4",
        "1116_25",
        "1010_23",
        "614_36",
        "180_25",
        "882_18",
        "762_6",
        "2280_19",
        "722_56",
        "413_1",
        "1339_24",
        "530_4",
        "876_25",
        "137_28",
        "1608_15",
        "1940_10",
        "623_41",
        "266_39",
        "366_15",
        "565_37",
        "1265_9",
        "1005_2",
        "277_52",
        "269_37",
        "200_31",
        "968_29",
        "1134_20",
        "565_39",
        "791_2",
        "333_4",
        "2084_32",
        "351_64",
        "413_9",
        "437_17",
        "535_30",
        "180_28",
        "2102_9",
        "813_59",
        "2106_15",
        "5_28",
        "882_17",
        "1417_13",
        "719_38",
        "183_33",
        "1051_33",
        "1270_36",
        "2363_12",
        "634_28",
        "1134_19",
        "720_24",
        "531_25",
        "1884_20",
        "565_40",
        "878_28",
        "132_2",
        "810_20",
        "722_95",
        "2325_11",
        "1964_15",
        "461_40",
        "121_5",
        "133_23",
        "257_23",
        "634_31",
        "840_22",
        "813_51",
        "197_21",
        "541_37",
        "937_47",
        "197_17",
        "266_46",
        "257_24",
        "1760_27",
        "433_25",
        "1878_1",
        "2389_11",
        "1866_5",
        "44_51",
        "531_34",
        "1263_1",
        "180_20",
        "2008_4",
        "722_93",
        "542_37",
        "1604_18",
        "2361_8",
        "161_40",
        "1919_23",
        "351_70",
        "239_35",
        "228_4",
        "1166_20",
        "2325_14",
        "623_40",
        "1932_40",
        "560_21",
        "878_27",
        "878_38",
        "192_36",
        "1760_24",
        "113_14",
        "594_24",
        "790_3",
        "266_34",
        "81_25",
        "1306_17",
        "1604_24",
        "2129_27",
        "131_50",
        "399_40",
        "211_30",
        "81_26",
        "1866_26",
        "399_20",
        "277_38",
        "722_74",
        "2053_9",
        "643_28",
        "2008_2",
        "1678_1",
        "45_36",
        "1239_8",
        "131_40",
        "1088_6",
        "1001_8",
        "1120_9",
        "183_39",
        "1866_27",
        "995_17",
        "63_43",
        "1096_19",
        "1553_19",
        "602_33",
        "1932_44",
        "1066_26",
        "321_37",
        "708_25",
        "1051_23",
        "2059_33",
        "30_18",
        "500_32",
        "623_35",
        "209_49",
        "1601_36",
        "1608_21",
        "1265_17",
        "188_74",
        "719_37",
        "228_21",
        "426_45",
        "1963_5",
        "200_12",
        "45_33",
        "1792_9",
        "1733_14",
        "560_24",
        "1609_16",
        "133_36",
        "1321_17",
        "131_49",
        "277_50",
        "132_25",
        "133_24",
        "994_19",
        "399_27",
        "131_39",
        "119_42",
        "55_12",
        "2325_15",
        "559_7",
        "1051_19",
        "209_41",
        "995_22",
        "46_40",
        "722_91",
        "2480_3",
        "209_61",
        "500_3",
        "994_21",
        "1321_10",
        "1229_14",
        "200_41",
        "2106_18",
        "1654_5",
        "132_1",
        "840_21",
        "804_65",
        "1235_19",
        "2052_14",
        "1940_19",
        "594_25",
        "152_35",
        "1386_19",
        "2135_1",
        "1587_14",
        "2325_13",
        "2192_18",
        "1076_36",
        "55_20",
        "742_24",
        "1865_41",
        "2277_15",
        "1932_43",
        "968_28",
        "1075_18",
        "2192_20",
        "1135_24",
        "2099_36",
        "1488_41",
        "338_27",
        "1183_3",
        "205_27",
        "351_43",
        "351_46",
        "412_41",
        "836_4",
        "1001_7",
        "183_30",
        "2501_1",
        "998_10",
        "177_19",
        "509_31",
        "192_32",
        "1010_25",
        "2147_22",
        "1932_38",
        "1330_2",
        "1478_14",
        "2277_19",
        "338_23",
        "209_46",
        "1339_31",
        "1916_7",
        "2123_17",
        "1169_14",
        "2326_12",
        "649_17",
        "1608_14",
        "795_31",
        "2053_27",
        "777_31",
        "1339_21",
        "183_36",
        "535_24",
        "1166_18",
        "239_23",
        "1800_25",
        "47_31",
        "876_21",
        "731_30",
        "795_32",
        "2415_22",
        "137_15",
        "374_1",
        "541_50",
        "2099_38",
        "209_39",
        "210_18",
        "719_51",
        "778_1",
        "1932_30",
        "928_12",
        "119_33",
        "1239_16",
        "19_21",
        "321_39",
        "2389_9",
        "1098_21",
        "2501_6",
        "2415_20",
        "691_28",
        "722_77",
        "1601_34",
        "731_36",
        "722_85",
        "1116_28",
        "1870_11",
        "936_16",
        "722_66",
        "708_24",
        "535_23",
        "63_22",
        "157_13",
        "1678_5",
        "2053_10",
        "190_15",
        "46_50",
        "203_59",
        "228_6",
        "876_22",
        "766_1",
        "46_44",
        "1607_15",
        "2079_30",
        "541_44",
        "426_44",
        "1580_24",
        "63_39",
        "2010_17",
        "642_1",
        "804_43",
        "1816_38",
        "1479_22",
        "1591_34",
        "1166_22",
        "81_29",
        "203_56",
        "995_26",
        "1001_1",
        "1454_5",
        "65_5",
        "104_26",
        "46_47",
        "2084_42",
        "1738_23",
        "568_16",
        "266_38",
        "810_24",
        "2312_16",
        "2022_17",
        "426_60",
        "610_24",
        "1051_25",
        "443_7",
        "722_68",
        "400_33",
        "2059_32",
        "611_20",
        "722_62",
        "708_28",
        "485_4",
        "239_41",
        "208_20",
        "1235_5",
        "606_2",
        "161_59",
        "1916_1",
        "1166_16",
        "374_5",
        "593_24",
        "279_23",
        "180_14",
        "2326_13",
        "1601_49",
        "104_18",
        "509_30",
        "424_7",
        "351_49",
        "584_48",
        "119_36",
        "960_23",
        "1263_5",
        "455_26",
        "1380_16",
        "2084_43",
        "239_28",
        "19_26",
        "719_52",
        "2361_7",
        "228_11",
        "568_14",
        "58_9",
        "1738_21",
        "118_26",
        "1608_20",
        "46_53",
        "1563_2",
        "566_11",
        "209_67",
        "2147_19",
        "135_35",
        "565_38",
        "535_29",
        "437_5",
        "374_16",
        "1816_36",
        "321_23",
        "279_24",
        "1791_6",
        "2052_3",
        "1297_2",
        "542_6",
        "2123_18",
        "38_11",
        "532_23",
        "2172_11",
        "1239_13",
        "412_23",
        "602_1",
        "277_35",
        "584_45",
        "2022_22",
        "804_42",
        "271_1",
        "766_3",
        "94_43",
        "239_42",
        "566_12",
        "1386_31",
        "1587_9",
        "2312_14",
        "269_36",
        "211_45",
        "188_84",
        "50_2",
        "626_31",
        "119_39",
        "1375_10",
        "2220_2",
        "19_6",
        "531_27",
        "351_61",
        "1375_11",
        "472_3",
        "1135_15",
        "461_44",
        "307_34",
        "1553_20",
        "1572_16",
        "626_38",
        "1816_35",
        "266_47",
        "2287_10",
        "626_30",
        "188_100",
        "1744_21",
