{"precision": 0.8154657293497364, "recall": 0.8256227758007118, "f1": 0.8205128205128206, "tp_drn": ["541_34", "861_19", "133_35", "851_36", "183_27", "89_31", "1735_4", "332_109", "1199_14", "1591_39", "125_25", "590_21", "321_34", "202_1", "882_18", "1027_25", "351_52", "153_33", "1940_10", "218_33", "2053_24", "1265_18", "565_37", "188_81", "333_4", "2084_32", "537_13", "2022_28", "413_9", "180_28", "535_30", "437_17", "2102_9", "2106_15", "2287_11", "1051_33", "882_17", "532_22", "455_20", "2363_12", "2343_22", "2072_12", "328_27", "937_46", "2430_38", "2068_6", "1964_15", "2312_17", "121_5", "1270_37", "461_40", "133_23", "447_27", "1329_1", "2315_22", "70_27", "1330_7", "167_31", "861_29", "937_47", "565_42", "648_39", "689_36", "1866_5", "161_50", "180_20", "153_32", "472_1", "131_43", "1604_18", "795_54", "161_40", "51_55", "577_23", "228_4", "689_24", "973_1", "892_19", "63_31", "296_5", "1939_28", "1644_10", "333_17", "136_4", "113_14", "594_24", "2476_11", "1604_24", "321_35", "190_14", "361_20", "329_31", "399_20", "861_30", "1816_32", "2123_21", "2053_9", "200_51", "572_47", "447_13", "231_31", "205_40", "1678_1", "2008_2", "937_43", "315_23", "968_23", "1567_14", "995_17", "937_18", "1096_19", "722_97", "2079_25", "932_46", "1567_11", "708_25", "666_24", "1025_30", "1051_23", "2059_33", "714_34", "1608_21", "954_30", "691_27", "228_21", "335_20", "941_27", "560_24", "133_36", "666_25", "1365_21", "813_60", "1074_2", "722_90", "861_33", "1591_41", "2565_1", "132_25", "133_24", "1199_13", "399_27", "131_39", "426_48", "532_32", "1598_17", "1735_1", "1116_15", "936_17", "151_24", "954_22", "1199_24", "46_40", "892_33", "720_19", "500_3", "2312_15", "577_9", "332_81", "2106_18", "2430_27", "994_13", "132_1", "689_23", "2022_20", "360_47", "335_41", "626_36", "699_18", "153_27", "663_15", "306_4", "569_14", "720_22", "1940_19", "2022_31", "594_25", "1386_19", "1365_20", "851_40", "1587_14", "783_19", "2277_15", "1199_23", "742_24", "1488_41", "338_27", "1277_22", "738_17", "1183_3", "804_55", "2072_22", "351_43", "205_27", "360_16", "116_45", "412_41", "353_1", "876_19", "1587_10", "2369_11", "1200_14", "2501_1", "183_30", "998_10", "1270_46", "880_24", "954_23", "928_9", "169_30", "932_45", "146_23", "1134_18", "2147_22", "1593_28", "2129_36", "1478_14", "1479_4", "51_34", "2277_19", "338_23", "194_21", "1932_33", "1916_7", "1169_14", "135_26", "2053_27", "777_31", "2078_27", "1917_14", "2135_7", "754_17", "351_55", "239_23", "872_25", "1800_25", "576_17", "876_21", "218_30", "1792_3", "1556_42", "670_20", "731_39", "804_54", "737_30", "65_40", "129_19", "494_4", "1488_29", "795_53", "778_1", "691_45", "1098_21", "2501_6", "91_1", "783_23", "572_30", "691_28", "1134_27", "45_21", "554_22", "63_35", "1200_22", "1870_11", "936_16", "699_16", "708_24", "157_13", "1678_5", "2053_10", "507_47", "2494_17", "2368_17", "722_42", "876_22", "1787_38", "461_45", "1479_18", "1026_13", "188_67", "1135_20", "161_64", "594_19", "1870_12", "813_46", "1862_18", "1200_23", "621_28", "116_8", "335_37", "1135_21", "332_72", "216_40", "800_19", "88_34", "257_57", "1572_27", "2494_23", "1454_5", "436_41", "719_44", "813_41", "876_20", "1200_15", "712_39", "426_60", "1051_25", "400_33", "2052_26", "714_30", "737_32", "2078_16", "77_25", "941_22", "161_45", "360_17", "905_16", "2200_19", "1108_12", "593_24", "1386_21", "1488_27", "1984_22", "956_32", "239_28", "990_26", "626_37", "436_38", "880_22", "485_46", "19_26", "738_21", "1146_37", "1766_8", "1324_15", "1738_21", "590_35", "810_28", "188_71", "2194_25", "1608_20", "131_44", "1563_2", "648_40", "751_18", "2147_19", "1146_26", "1787_41", "231_33", "535_29", "437_5", "257_56", "2019_18", "565_38", "45_24", "321_23", "125_21", "920_24", "2052_3", "626_29", "231_39", "1297_2", "1144_29", "2562_16", "2079_29", "422_1", "2123_22", "840_34", "412_23", "1144_25", "602_1", "1806_19", "271_1", "226_1", "94_43", "1955_21", "1386_31", "1587_9", "722_92", "701_11", "691_46", "626_31", "932_44", "1146_25", "722_94", "535_36", "19_6", "1146_38", "920_22", "892_34", "461_44", "307_34", "626_38", "77_32", "572_48", "2022_27", "626_30", "2022_32", "1744_21", "956_21", "2078_21", "1051_31", "952_35", "205_44", "558_16", "1598_13", "1614_19", "954_36", "1116_16", "593_18", "7_3", "527_31", "486_38", "183_49", "431_9", "2084_31", "719_43", "2053_18", "1051_21", "614_21", "1144_33", "621_27", "1191_14", "116_46", "535_35", "7_5", "593_15", "131_32", "2271_13", "399_24", "751_45", "205_29", "861_20", "1122_4", "2059_1", "282_4", "146_24", "704_17", "527_32", "351_40", "161_52", "2150_8", "572_29", "751_15", "1518_19", "569_16", "941_28", "1221_2", "1580_18", "810_32", "2059_25", "861_34", "869_4", "1989_10", "1800_26", "2394_4", "932_43", "1995_1", "1703_27", "2306_13", "701_2", "239_29", "2336_25", "153_26", "712_40"], "tp_drn_distances": [0.6117471037539447, 1.0481599927968324, 2.9657602244394603, 3.4000906752108255, 1.2193512710177348], "fp_drn": ["570_14", "754_17", "228_11", "1859_10", "1953_26", "1330_1", "248_23", "984_2", "1069_1", "477_26", "153_44", "485_45", "332_109", "737_56", "19_16", "1919_20", "2019_17", "307_26", "2126_25", "2562_16", "714_34", "1859_14", "1108_16", "2200_21", "1165_24", "2415_21", "537_13", "560_28", "63_28", "226_1", "1953_24", "239_32", "1847_16", "2020_9", "623_47", "119_49", "537_2", "331_16", "1045_23", "2020_6", "995_27", "1877_3", "351_61", "1365_27", "1108_14", "1518_8", "151_24", "984_3", "880_23", "1870_12", "2052_25", "1329_1", "1738_20", "2315_22", "1183_4", "994_22", "882_23", "2019_9", "2200_13", "1330_7", "880_21", "995_23", "332_72", "161_19", "2198_2", "1653_6", "332_83", "590_26", "621_13", "161_3", "1792_4", "1108_1", "1454_5", "1098_17", "279_26", "279_25", "347_13", "63_42", "197_18", "402_14", "438_31", "1614_28", "338_36", "1386_20", "1614_27", "2384_13", "2052_26", "670_24", "878_27", "331_18", "905_19", "360_28", "2415_13", "77_4", "1096_18", "558_21", "2194_18", "81_26", "1950_46", "1818_11", "194_21", "663_16", "400_2", "1270_37", "2019_6"], "fp_drn_distances": [], "fn_drn": ["2020_17", "101_2", "46_37", "985_17", "766_10", "131_40", "537_15", "1191_12", "1556_37", "954_37", "63_43", "937_18", "1593_23", "1593_16", "332_78", "1955_24", "194_2", "920_24", "813_56", "2336_17", "2126_15", "156_6", "1932_30", "19_21", "485_25", "1265_25", "1265_9", "1518_21", "426_49", "2200_22", "1027_26", "77_3", "133_28", "1027_24", "63_23", "1713_20", "905_11", "821_40", "920_23", "63_22", "1518_7", "1870_9", "19_6", "55_12", "2336_19", "590_17", "1051_19", "167_24", "2336_27", "1454_3", "1955_20", "133_23", "63_39", "720_19", "2315_18", "2194_23", "954_31", "131_31", "2172_8", "1027_23", "1098_16", "366_17", "2315_24", "45_27", "2078_23", "208_5", "751_3", "878_17", "55_20", "1738_23", "101_4", "704_13", "136_6", "461_41", "936_12", "560_30", "46_41", "1339_28", "994_14", "766_5", "116_11", "2059_1", "2059_32", "208_20", "554_1", "2020_19", "63_29", "2194_21", "2052_17", "941_20", "77_2", "1339_32", "1998_7", "590_31", "360_7", "455_26", "720_20", "537_29"], "fn_drn_distances": []}